id,title,description,availability,condition,price,link,image_link,brand,google_product_category
346,"SAPRIX BICOLOR COLOMBIA","SAPRIX BICOLOR COLOMBIA  - Calzado deportivo de alta calidad con garantía y envío seguro en Colombia.",in stock,new,"200000 COP","https://tennisymas.co/collections.html?product=346","https://shbtmkeyarqppasdpzxv.supabase.co/storage/v1/object/public/product-images/products/1790796708400_IMG_8976.jpeg","Saprix","Sporting Goods > Athletic Shoes"
345,"TENIGUAYO MERCURIAL SUPERFLY NARANJA X DORADO","TENIGUAYO MERCURIAL SUPERFLY NARANJA X DORADO - Calzado deportivo de alta calidad con garantía y envío seguro en Colombia.",in stock,new,"210000 COP","https://tennisymas.co/collections.html?product=345","https://shbtmkeyarqppasdpzxv.supabase.co/storage/v1/object/public/product-images/products/1790631486686_IMG_8834.jpeg","Tennis y Más","Sporting Goods > Athletic Shoes"
344,"GUAYO F50 HYPERFAST BLANCO","GUAYO F50 HYPERFAST BLANCO  - Calzado deportivo de alta calidad con garantía y envío seguro en Colombia.",in stock,new,"230000 COP","https://tennisymas.co/collections.html?product=344","https://shbtmkeyarqppasdpzxv.supabase.co/storage/v1/object/public/product-images/products/1790631389304_IMG_8827.jpeg","Tennis y Más","Sporting Goods > Athletic Shoes"
343,"FUTSAL SUPREME PINK","FUTSAL SUPREME PINK  - Calzado deportivo de alta calidad con garantía y envío seguro en Colombia.",in stock,new,"160000 COP","https://tennisymas.co/collections.html?product=343","https://shbtmkeyarqppasdpzxv.supabase.co/storage/v1/object/public/product-images/products/1790631150710_IMG_8847.jpeg","Tennis y Más","Sporting Goods > Athletic Shoes"
342,"MAX COMPLEX MORAZUL CLARO","MAX COMPLEX MORAZUL CLARO - Calzado deportivo de alta calidad con garantía y envío seguro en Colombia.",in stock,new,"220000 COP","https://tennisymas.co/collections.html?product=342","https://shbtmkeyarqppasdpzxv.supabase.co/storage/v1/object/public/product-images/products/1790372293149_IMG_8692.jpeg","Max Sport","Sporting Goods > Athletic Shoes"
341,"MAX COMPLEX MORADO X AZUL","MAX COMPLEX MORADO X AZUL  - Calzado deportivo de alta calidad con garantía y envío seguro en Colombia.",in stock,new,"220000 COP","https://tennisymas.co/collections.html?product=341","https://shbtmkeyarqppasdpzxv.supabase.co/storage/v1/object/public/product-images/products/1790372109841_IMG_8725.jpeg","Max Sport","Sporting Goods > Athletic Shoes"
340,"MAX PRO NIGHT GLOW BLACK","MAX PRO NIGHT GLOW BLACK - Calzado deportivo de alta calidad con garantía y envío seguro en Colombia.",in stock,new,"150000 COP","https://tennisymas.co/collections.html?product=340","https://shbtmkeyarqppasdpzxv.supabase.co/storage/v1/object/public/product-images/products/1790371727446_IMG_8700.jpeg","Max Sport","Sporting Goods > Athletic Shoes"
339,"MAX PRO BLANCO AQUA","MAX PRO BLANCO AQUA - Calzado deportivo de alta calidad con garantía y envío seguro en Colombia.",in stock,new,"150000 COP","https://tennisymas.co/collections.html?product=339","https://shbtmkeyarqppasdpzxv.supabase.co/storage/v1/object/public/product-images/products/1790371532903_IMG_8718.jpeg","Max Sport","Sporting Goods > Athletic Shoes"
338,"MAX PRO MORADO X AZUL","MAX PRO MORADO X AZUL - Calzado deportivo de alta calidad con garantía y envío seguro en Colombia.",in stock,new,"150000 COP","https://tennisymas.co/collections.html?product=338","https://shbtmkeyarqppasdpzxv.supabase.co/storage/v1/object/public/product-images/products/1790371390973_IMG_8706.jpeg","Max Sport","Sporting Goods > Athletic Shoes"
337,"GUAYO MERCURIAL VAPOR 17 FUCSIA","GUAYO MERCURIAL VAPOR 17 FUCSIA  - Calzado deportivo de alta calidad con garantía y envío seguro en Colombia.",in stock,new,"230000 COP","https://tennisymas.co/collections.html?product=337","https://shbtmkeyarqppasdpzxv.supabase.co/storage/v1/object/public/product-images/products/1789848369220_IMG_8477.jpeg","Tennis y Más","Sporting Goods > Athletic Shoes"
336,"TENIGUAYO SUPERFLY VINIJR FUCSIA","TENIGUAYO SUPERFLY VINIJR FUCSIA  - Calzado deportivo de alta calidad con garantía y envío seguro en Colombia.",in stock,new,"210000 COP","https://tennisymas.co/collections.html?product=336","https://shbtmkeyarqppasdpzxv.supabase.co/storage/v1/object/public/product-images/products/1789774501191_IMG_8450.jpeg","Tennis y Más","Sporting Goods > Athletic Shoes"
335,"FUTSAL SUPREME BLANCO X MORADO CHULO TORNASOL","FUTSAL SUPREME BLANCO X MORADO CHULO TORNASOL - Calzado deportivo de alta calidad con garantía y envío seguro en Colombia.",in stock,new,"160000 COP","https://tennisymas.co/collections.html?product=335","https://shbtmkeyarqppasdpzxv.supabase.co/storage/v1/object/public/product-images/products/1789774411542_IMG_8447.jpeg","Tennis y Más","Sporting Goods > Athletic Shoes"
334,"FUTSAL SUPREME BLANCO X VERDE CHULO TORNASOL","FUTSAL SUPREME BLANCO X VERDE CHULO TORNASOL - Calzado deportivo de alta calidad con garantía y envío seguro en Colombia.",in stock,new,"160000 COP","https://tennisymas.co/collections.html?product=334","https://shbtmkeyarqppasdpzxv.supabase.co/storage/v1/object/public/product-images/products/1789774203128_IMG_8442.jpeg","Tennis y Más","Sporting Goods > Athletic Shoes"
333,"MAX FUTURE VIOLETA FUTSAL","MAX FUTURE VIOLETA FUTSAL - Calzado deportivo de alta calidad con garantía y envío seguro en Colombia.",in stock,new,"190000 COP","https://tennisymas.co/collections.html?product=333","https://shbtmkeyarqppasdpzxv.supabase.co/storage/v1/object/public/product-images/products/1789774055743_IMG_8422.jpeg","Max Sport","Sporting Goods > Athletic Shoes"
332,"MAX FUTURE BLANCO AQUA FUTSAL","MAX FUTURE BLANCO AQUA FUTSAL - Calzado deportivo de alta calidad con garantía y envío seguro en Colombia.",in stock,new,"190000 COP","https://tennisymas.co/collections.html?product=332","https://shbtmkeyarqppasdpzxv.supabase.co/storage/v1/object/public/product-images/products/1789773935831_IMG_8414.jpeg","Max Sport","Sporting Goods > Athletic Shoes"
331,"MAX CHUVA PLATEADO X ROSA FUTSAL","MAX CHUVA PLATEADO X ROSA FUTSAL - Calzado deportivo de alta calidad con garantía y envío seguro en Colombia.",in stock,new,"160000 COP","https://tennisymas.co/collections.html?product=331","https://shbtmkeyarqppasdpzxv.supabase.co/storage/v1/object/public/product-images/products/1789773770867_IMG_8436.jpeg","Max Sport","Sporting Goods > Athletic Shoes"
330,"MAX CHUVA NEGRO X GRIS","MAX CHUVA NEGRO X GRIS - Calzado deportivo de alta calidad con garantía y envío seguro en Colombia.",in stock,new,"160000 COP","https://tennisymas.co/collections.html?product=330","https://shbtmkeyarqppasdpzxv.supabase.co/storage/v1/object/public/product-images/products/1789773621968_IMG_8429.jpeg","Max Sport","Sporting Goods > Athletic Shoes"
329,"CHANCLA MAX COURT NEGRO X BLANCO","CHANCLA MAX COURT NEGRO X BLANCO - Calzado deportivo de alta calidad con garantía y envío seguro en Colombia.",in stock,new,"85000 COP","https://tennisymas.co/collections.html?product=329","https://shbtmkeyarqppasdpzxv.supabase.co/storage/v1/object/public/product-images/products/1789773471640_IMG_8461.jpeg","Max Sport","Sporting Goods > Athletic Shoes"
328,"CHANCLA MAX COURT BLACK EDITION","CHANCLA MAX COURT BLACK EDITION - Calzado deportivo de alta calidad con garantía y envío seguro en Colombia.",in stock,new,"85000 COP","https://tennisymas.co/collections.html?product=328","https://shbtmkeyarqppasdpzxv.supabase.co/storage/v1/object/public/product-images/products/1789773350192_IMG_8464.jpeg","Max Sport","Sporting Goods > Athletic Shoes"
327,"GATO SUPREME FUTSAL BICOLOR (AZUL Y FUCSIA)","GATO SUPREME FUTSAL BICOLOR (AZUL Y FUCSIA) - Calzado deportivo de alta calidad con garantía y envío seguro en Colombia.",in stock,new,"160000 COP","https://tennisymas.co/collections.html?product=327","https://shbtmkeyarqppasdpzxv.supabase.co/storage/v1/object/public/product-images/products/1789509028861_IMG_8244.jpeg","Tennis y Más","Sporting Goods > Athletic Shoes"
326,"F50 HYPERFAST TUBULAR TENIGUAYOS","F50 HYPERFAST TUBULAR TENIGUAYOS - Calzado deportivo de alta calidad con garantía y envío seguro en Colombia.",in stock,new,"210000 COP","https://tennisymas.co/collections.html?product=326","https://shbtmkeyarqppasdpzxv.supabase.co/storage/v1/object/public/product-images/products/1789508915502_IMG_8252.jpeg","Tennis y Más","Sporting Goods > Athletic Shoes"
325,"PREDATOR 26 BELLINGHAM BLANCO TENIGUAYO","PREDATOR 26 BELLINGHAM BLANCO TENIGUAYO - Calzado deportivo de alta calidad con garantía y envío seguro en Colombia.",in stock,new,"210000 COP","https://tennisymas.co/collections.html?product=325","https://shbtmkeyarqppasdpzxv.supabase.co/storage/v1/object/public/product-images/products/1789508819208_IMG_8257.jpeg","Tennis y Más","Sporting Goods > Athletic Shoes"
324,"SAPRIX COLOMBIA BLACK FUTSAL","SAPRIX COLOMBIA BLACK FUTSAL - Calzado deportivo de alta calidad con garantía y envío seguro en Colombia.",in stock,new,"210000 COP","https://tennisymas.co/collections.html?product=324","https://shbtmkeyarqppasdpzxv.supabase.co/storage/v1/object/public/product-images/products/1789417629631_IMG_8192.jpeg","Saprix","Sporting Goods > Athletic Shoes"
323,"SAPRIX COLOMBIA BLANCO FUTSAL","SAPRIX COLOMBIA BLANCO FUTSAL - Calzado deportivo de alta calidad con garantía y envío seguro en Colombia.",in stock,new,"210000 COP","https://tennisymas.co/collections.html?product=323","https://shbtmkeyarqppasdpzxv.supabase.co/storage/v1/object/public/product-images/products/1789417510536_IMG_8203.jpeg","Saprix","Sporting Goods > Athletic Shoes"
322,"SAPRIX COLOMBIA BLANCO X LILA FUTSAL","SAPRIX COLOMBIA BLANCO X LILA FUTSAL - Calzado deportivo de alta calidad con garantía y envío seguro en Colombia.",in stock,new,"210000 COP","https://tennisymas.co/collections.html?product=322","https://shbtmkeyarqppasdpzxv.supabase.co/storage/v1/object/public/product-images/products/1789417394421_IMG_8184.jpeg","Saprix","Sporting Goods > Athletic Shoes"
321,"MAX NEO MENTA TURQUEZA FUTSAL","MAX NEO MENTA TURQUEZA FUTSAL - Calzado deportivo de alta calidad con garantía y envío seguro en Colombia.",in stock,new,"165000 COP","https://tennisymas.co/collections.html?product=321","https://shbtmkeyarqppasdpzxv.supabase.co/storage/v1/object/public/product-images/products/1789168803122_IMG_8007.jpeg","Max Sport","Sporting Goods > Athletic Shoes"
320,"MAX COMPLES GRIS ESTELAR FUTSAL","MAX COMPLES GRIS ESTELAR FUTSAL - Calzado deportivo de alta calidad con garantía y envío seguro en Colombia.",in stock,new,"220000 COP","https://tennisymas.co/collections.html?product=320","https://shbtmkeyarqppasdpzxv.supabase.co/storage/v1/object/public/product-images/products/1789168662349_IMG_8012.jpeg","Max Sport","Sporting Goods > Athletic Shoes"
319,"MAX CG10 TURQUEZA FUTSAL","MAX CG10 TURQUEZA FUTSAL - Calzado deportivo de alta calidad con garantía y envío seguro en Colombia.",in stock,new,"210000 COP","https://tennisymas.co/collections.html?product=319","https://shbtmkeyarqppasdpzxv.supabase.co/storage/v1/object/public/product-images/products/1789168539545_IMG_8018.jpeg","Max Sport","Sporting Goods > Athletic Shoes"
318,"MAX CG10 NEGRO","MAX CG10 NEGRO  - Calzado deportivo de alta calidad con garantía y envío seguro en Colombia.",in stock,new,"210000 COP","https://tennisymas.co/collections.html?product=318","https://shbtmkeyarqppasdpzxv.supabase.co/storage/v1/object/public/product-images/products/1789168409194_IMG_8026.jpeg","Max Sport","Sporting Goods > Athletic Shoes"
317,"TENISGUAYOS PREDATOR 26 ROJO CON LENGÜETA","TENISGUAYOS PREDATOR 26 ROJO CON LENGÜETA - Calzado deportivo de alta calidad con garantía y envío seguro en Colombia.",in stock,new,"210000 COP","https://tennisymas.co/collections.html?product=317","https://shbtmkeyarqppasdpzxv.supabase.co/storage/v1/object/public/product-images/products/1788986074836_IMG_7918.jpeg","Tennis y Más","Sporting Goods > Athletic Shoes"
316,"MAX CG10 (CAMILO GOMEZ) PLATEADO FUTSAL","MAX CG10 (CAMILO GOMEZ) PLATEADO FUTSAL - Calzado deportivo de alta calidad con garantía y envío seguro en Colombia.",in stock,new,"210000 COP","https://tennisymas.co/collections.html?product=316","https://shbtmkeyarqppasdpzxv.supabase.co/storage/v1/object/public/product-images/products/1788802824492_IMG_7763.jpeg","Max Sport","Sporting Goods > Athletic Shoes"
315,"MAX BARRIO MORADO  X CELESTE FUTSAL","MAX BARRIO MORADO  X CELESTE FUTSAL - Calzado deportivo de alta calidad con garantía y envío seguro en Colombia.",in stock,new,"190000 COP","https://tennisymas.co/collections.html?product=315","https://shbtmkeyarqppasdpzxv.supabase.co/storage/v1/object/public/product-images/products/1788802661367_IMG_7784.jpeg","Max Sport","Sporting Goods > Athletic Shoes"
314,"MAX BARRIO NEGRO X PURPURA FUTSAL","MAX BARRIO NEGRO X PURPURA FUTSAL - Calzado deportivo de alta calidad con garantía y envío seguro en Colombia.",in stock,new,"190000 COP","https://tennisymas.co/collections.html?product=314","https://shbtmkeyarqppasdpzxv.supabase.co/storage/v1/object/public/product-images/products/1788802504832_IMG_7779.jpeg","Max Sport","Sporting Goods > Athletic Shoes"
313,"MAX COMPLEX POP ROUSE FUTSAL","MAX COMPLEX POP ROUSE FUTSAL - Calzado deportivo de alta calidad con garantía y envío seguro en Colombia.",in stock,new,"220000 COP","https://tennisymas.co/collections.html?product=313","https://shbtmkeyarqppasdpzxv.supabase.co/storage/v1/object/public/product-images/products/1788802348119_IMG_7754.jpeg","Max Sport","Sporting Goods > Athletic Shoes"
311,"FUTSAL GATO SUPREME AZUL CELESTE","FUTSAL GATO SUPREME AZUL CELESTE  - Calzado deportivo de alta calidad con garantía y envío seguro en Colombia.",in stock,new,"160000 COP","https://tennisymas.co/collections.html?product=311","https://shbtmkeyarqppasdpzxv.supabase.co/storage/v1/object/public/product-images/products/1788801960321_a7c66da5_67fb_49b8_95df_82448ca6be50.jpeg","Tennis y Más","Sporting Goods > Athletic Shoes"
310,"MAX COMPLEX NEGRO X GRIS FUTSAL","MAX COMPLEX NEGRO X GRIS FUTSAL - Calzado deportivo de alta calidad con garantía y envío seguro en Colombia.",in stock,new,"210000 COP","https://tennisymas.co/collections.html?product=310","https://shbtmkeyarqppasdpzxv.supabase.co/storage/v1/object/public/product-images/products/1788801755005_cb3a648c_1d57_44f8_bda4_fa34dca84c00.jpeg","Max Sport","Sporting Goods > Athletic Shoes"
309,"FUTSAL GATO SUPREME BLANCO X GRIS (SUELA CAMUFLADA)","FUTSAL GATO SUPREME BLANCO X GRIS (SUELA CAMUFLADA) - Calzado deportivo de alta calidad con garantía y envío seguro en Colombia.",in stock,new,"160000 COP","https://tennisymas.co/collections.html?product=309","https://shbtmkeyarqppasdpzxv.supabase.co/storage/v1/object/public/product-images/products/1788032236145_IMG_6679.jpeg","Tennis y Más","Sporting Goods > Athletic Shoes"
308,"FUTSAL GATO SUPREME NEGRO X AZUL (CHULO BRILLANTE)","FUTSAL GATO SUPREME NEGRO X AZUL (CHULO BRILLANTE) - Calzado deportivo de alta calidad con garantía y envío seguro en Colombia.",in stock,new,"160000 COP","https://tennisymas.co/collections.html?product=308","https://shbtmkeyarqppasdpzxv.supabase.co/storage/v1/object/public/product-images/products/1788032076707_IMG_6677.jpeg","Tennis y Más","Sporting Goods > Athletic Shoes"
307,"FUTSAL GATO SUPREME BLANCO TODO X CHULO TORNAZOL (SUELA CAMUFLADA)","FUTSAL GATO SUPREME BLANCO TODO X CHULO TORNAZOL (SUELA CAMUFLADA) - Calzado deportivo de alta calidad con garantía y envío seguro en Colombia.",in stock,new,"160000 COP","https://tennisymas.co/collections.html?product=307","https://shbtmkeyarqppasdpzxv.supabase.co/storage/v1/object/public/product-images/products/1788031945634_IMG_6668.jpeg","Tennis y Más","Sporting Goods > Athletic Shoes"
306,"FUTSAL GATO TIEMPO REACT VERDE MENTA","FUTSAL GATO TIEMPO REACT VERDE MENTA - Calzado deportivo de alta calidad con garantía y envío seguro en Colombia.",in stock,new,"190000 COP","https://tennisymas.co/collections.html?product=306","https://shbtmkeyarqppasdpzxv.supabase.co/storage/v1/object/public/product-images/products/1787689892515_IMG_6467.jpeg","Tennis y Más","Sporting Goods > Athletic Shoes"
305,"TENIGUAYO F50 HYPERFAST BLACK","TENIGUAYO F50 HYPERFAST BLACK  - Calzado deportivo de alta calidad con garantía y envío seguro en Colombia.",in stock,new,"220000 COP","https://tennisymas.co/collections.html?product=305","https://shbtmkeyarqppasdpzxv.supabase.co/storage/v1/object/public/product-images/products/1787689258431_IMG_6454.jpeg","Tennis y Más","Sporting Goods > Athletic Shoes"
304,"TENIGUAYO F50 HYPERFAST NARANJA FLUORESCENTE TUBULAR","TENIGUAYO F50 HYPERFAST NARANJA FLUORESCENTE TUBULAR  - Calzado deportivo de alta calidad con garantía y envío seguro en Colombia.",in stock,new,"220000 COP","https://tennisymas.co/collections.html?product=304","https://shbtmkeyarqppasdpzxv.supabase.co/storage/v1/object/public/product-images/products/1787689039677_IMG_6456.jpeg","Tennis y Más","Sporting Goods > Athletic Shoes"
301,"MAX COMPLEX GOLD 2026 FUTSAL","MAX COMPLEX GOLD 2026 FUTSAL - Calzado deportivo de alta calidad con garantía y envío seguro en Colombia.",in stock,new,"190000 COP","https://tennisymas.co/collections.html?product=301","https://shbtmkeyarqppasdpzxv.supabase.co/storage/v1/object/public/product-images/products/1787103147209_IMG_6190.jpeg","Max Sport","Sporting Goods > Athletic Shoes"
300,"MAX BARRIO BLANCO AGUAMARINA FUTSAL","MAX BARRIO BLANCO AGUAMARINA FUTSAL - Calzado deportivo de alta calidad con garantía y envío seguro en Colombia.",in stock,new,"180000 COP","https://tennisymas.co/collections.html?product=300","https://shbtmkeyarqppasdpzxv.supabase.co/storage/v1/object/public/product-images/products/1787102982093_IMG_6226.jpeg","Max Sport","Sporting Goods > Athletic Shoes"
295,"MAX LEGEND ROJO 2026 FUTSAL","MAX LEGEND ROJO 2026 FUTSAL - Calzado deportivo de alta calidad con garantía y envío seguro en Colombia.",in stock,new,"180000 COP","https://tennisymas.co/collections.html?product=295","https://shbtmkeyarqppasdpzxv.supabase.co/storage/v1/object/public/product-images/products/1787097906844_IMG_6207.jpeg","Max Sport","Sporting Goods > Athletic Shoes"
292,"TENISGUAYOS F50 SPARK FUSION VERDE","TENISGUAYOS F50 SPARK FUSION VERDE - Calzado deportivo de alta calidad con garantía y envío seguro en Colombia.",in stock,new,"200000 COP","https://tennisymas.co/collections.html?product=292","https://shbtmkeyarqppasdpzxv.supabase.co/storage/v1/object/public/product-images/products/1787097142861_IMG_6261.jpeg","Tennis y Más","Sporting Goods > Athletic Shoes"
291,"FUTSAL SUPREME VERDE MENTA X SUELA MORADA CAMUFLADA","FUTSAL SUPREME VERDE MENTA X SUELA MORADA CAMUFLADA - Calzado deportivo de alta calidad con garantía y envío seguro en Colombia.",in stock,new,"160000 COP","https://tennisymas.co/collections.html?product=291","https://shbtmkeyarqppasdpzxv.supabase.co/storage/v1/object/public/product-images/products/1785966353207_IMG_5553.jpeg","Tennis y Más","Sporting Goods > Athletic Shoes"
290,"GUAYO F50 CELESTIAL PACK MORADO LILA TUBULAR","GUAYO F50 CELESTIAL PACK MORADO LILA TUBULAR - Calzado deportivo de alta calidad con garantía y envío seguro en Colombia.",in stock,new,"240000 COP","https://tennisymas.co/collections.html?product=290","https://shbtmkeyarqppasdpzxv.supabase.co/storage/v1/object/public/product-images/products/1785870480138_IMG_5416.jpeg","Tennis y Más","Sporting Goods > Athletic Shoes"
289,"TENIGUAYO COPA PURE 2026 GRIS PLATA","TENIGUAYO COPA PURE 2026 GRIS PLATA - Calzado deportivo de alta calidad con garantía y envío seguro en Colombia.",in stock,new,"210000 COP","https://tennisymas.co/collections.html?product=289","https://shbtmkeyarqppasdpzxv.supabase.co/storage/v1/object/public/product-images/products/1785869422737_IMG_5411.jpeg","Tennis y Más","Sporting Goods > Athletic Shoes"
286,"FUTSAL SB NEGRO TODO (SUELA ROJA)","FUTSAL SB NEGRO TODO (SUELA ROJA) - Calzado deportivo de alta calidad con garantía y envío seguro en Colombia.",in stock,new,"190000 COP","https://tennisymas.co/collections.html?product=286","https://shbtmkeyarqppasdpzxv.supabase.co/storage/v1/object/public/product-images/products/1785781745135_IMG_5351.png","Tennis y Más","Sporting Goods > Athletic Shoes"
285,"FUTSAL GATO LUNAR 2 BLANCO LILA X NARANJA","FUTSAL GATO LUNAR 2 BLANCO LILA X NARANJA - Calzado deportivo de alta calidad con garantía y envío seguro en Colombia.",in stock,new,"190000 COP","https://tennisymas.co/collections.html?product=285","https://shbtmkeyarqppasdpzxv.supabase.co/storage/v1/object/public/product-images/products/1785167056005_Untitled_design___1.png","Tennis y Más","Sporting Goods > Athletic Shoes"
284,"FUTSAL SUPREME BLANCO X NEGRO (SUELA CAMUFLADA)","FUTSAL SUPREME BLANCO X NEGRO (SUELA CAMUFLADA) - Calzado deportivo de alta calidad con garantía y envío seguro en Colombia.",in stock,new,"160000 COP","https://tennisymas.co/collections.html?product=284","https://shbtmkeyarqppasdpzxv.supabase.co/storage/v1/object/public/product-images/products/1784843074018_IMG_4787.jpeg","Tennis y Más","Sporting Goods > Athletic Shoes"
283,"FUTSAL GATO SUPREME NEGRO X BLANCO (SUELA TODA NEGRA)","FUTSAL GATO SUPREME NEGRO X BLANCO (SUELA TODA NEGRA) - Calzado deportivo de alta calidad con garantía y envío seguro en Colombia.",in stock,new,"160000 COP","https://tennisymas.co/collections.html?product=283","https://shbtmkeyarqppasdpzxv.supabase.co/storage/v1/object/public/product-images/products/1784842827641_IMG_4790.jpeg","Tennis y Más","Sporting Goods > Athletic Shoes"
280,"TENIGUAYO MERCURIAL VAPOR 17 FUCSIA","TENIGUAYO MERCURIAL VAPOR 17 FUCSIA - Calzado deportivo de alta calidad con garantía y envío seguro en Colombia.",in stock,new,"220000 COP","https://tennisymas.co/collections.html?product=280","https://shbtmkeyarqppasdpzxv.supabase.co/storage/v1/object/public/product-images/products/1784418813421_IMG_4584.jpeg","Tennis y Más","Sporting Goods > Athletic Shoes"
276,"FUTSAL SUPREME BLANCO CHULO NEGRO (CAMUFLADO NEGRO X ROJO)","FUTSAL SUPREME BLANCO CHULO NEGRO (CAMUFLADO NEGRO X ROJO) - Calzado deportivo de alta calidad con garantía y envío seguro en Colombia.",in stock,new,"160000 COP","https://tennisymas.co/collections.html?product=276","https://shbtmkeyarqppasdpzxv.supabase.co/storage/v1/object/public/product-images/products/1784342221862_IMG_4534.jpeg","Tennis y Más","Sporting Goods > Athletic Shoes"
274,"FUTSAL  GATO SUPREME NEGRO X VERDE (CHULO BLANCO)","FUTSAL  GATO SUPREME NEGRO X VERDE (CHULO BLANCO)  - Calzado deportivo de alta calidad con garantía y envío seguro en Colombia.",in stock,new,"195000 COP","https://tennisymas.co/collections.html?product=274","https://shbtmkeyarqppasdpzxv.supabase.co/storage/v1/object/public/product-images/products/1784153743375_IMG_4268.jpeg","Tennis y Más","Sporting Goods > Athletic Shoes"
273,"TENIGUAYO TIEMPO LIGERA BLANCO X CHULO NEGRO","TENIGUAYO TIEMPO LIGERA BLANCO X CHULO NEGRO - Calzado deportivo de alta calidad con garantía y envío seguro en Colombia.",in stock,new,"210000 COP","https://tennisymas.co/collections.html?product=273","https://shbtmkeyarqppasdpzxv.supabase.co/storage/v1/object/public/product-images/products/1784153609858_IMG_4270.jpeg","Tennis y Más","Sporting Goods > Athletic Shoes"
269,"FUTSAL SUPREME BLANCO X CHULO AZUL (SUELA MILITAR)","FUTSAL SUPREME BLANCO X CHULO AZUL (SUELA MILITAR) - Calzado deportivo de alta calidad con garantía y envío seguro en Colombia.",in stock,new,"160000 COP","https://tennisymas.co/collections.html?product=269","https://shbtmkeyarqppasdpzxv.supabase.co/storage/v1/object/public/product-images/products/1783712830971_IMG_3973.jpeg","Tennis y Más","Sporting Goods > Athletic Shoes"
268,"FUTSAL GATO LUNAR NEGRO X MORADO","FUTSAL GATO LUNAR NEGRO X MORADO - Calzado deportivo de alta calidad con garantía y envío seguro en Colombia.",in stock,new,"190000 COP","https://tennisymas.co/collections.html?product=268","https://shbtmkeyarqppasdpzxv.supabase.co/storage/v1/object/public/product-images/products/1783535411807_IMG_3903.jpeg","Tennis y Más","Sporting Goods > Athletic Shoes"
267,"TENIGUAYO MERCURIAL CR7 ÉLITE GRIS X ROJO","TENIGUAYO MERCURIAL CR7 ÉLITE GRIS X ROJO - Calzado deportivo de alta calidad con garantía y envío seguro en Colombia.",in stock,new,"215000 COP","https://tennisymas.co/collections.html?product=267","https://shbtmkeyarqppasdpzxv.supabase.co/storage/v1/object/public/product-images/products/1783535297390_IMG_3898.jpeg","Tennis y Más","Sporting Goods > Athletic Shoes"
264,"TENIGUAYO PHANTOM GX MAMBA ZAPATILLA","TENIGUAYO PHANTOM GX MAMBA ZAPATILLA - Calzado deportivo de alta calidad con garantía y envío seguro en Colombia.",in stock,new,"220000 COP","https://tennisymas.co/collections.html?product=264","https://shbtmkeyarqppasdpzxv.supabase.co/storage/v1/object/public/product-images/products/1783114554342_IMG_3633.jpeg","Tennis y Más","Sporting Goods > Athletic Shoes"
263,"MIZUNO FUTSAL GRIS PLATA X AGUAMARINA","MIZUNO FUTSAL GRIS PLATA X AGUAMARINA - Calzado deportivo de alta calidad con garantía y envío seguro en Colombia.",in stock,new,"180000 COP","https://tennisymas.co/collections.html?product=263","https://shbtmkeyarqppasdpzxv.supabase.co/storage/v1/object/public/product-images/products/1782925807561_IMG_3537.jpeg","Tennis y Más","Sporting Goods > Athletic Shoes"
258,"GUAYO PHANTOM GX ÉLITE AZUL X BLANCO","GUAYO PHANTOM GX ÉLITE AZUL X BLANCO - Calzado deportivo de alta calidad con garantía y envío seguro en Colombia.",in stock,new,"240000 COP","https://tennisymas.co/collections.html?product=258","https://shbtmkeyarqppasdpzxv.supabase.co/storage/v1/object/public/product-images/products/1782579970201_IMG_2962.jpeg","Tennis y Más","Sporting Goods > Athletic Shoes"
251,"JOMA LATINOAMERICA TOP FLEX REBOUND ORIGINAL","JOMA LATINOAMERICA TOP FLEX REBOUND ORIGINAL - Calzado deportivo de alta calidad con garantía y envío seguro en Colombia.",in stock,new,"360000 COP","https://tennisymas.co/collections.html?product=251","https://shbtmkeyarqppasdpzxv.supabase.co/storage/v1/object/public/product-images/products/1782179896948_IMG_2731.jpeg","Joma","Sporting Goods > Athletic Shoes"
250,"FUTSAL GATO SUPREME NEGRO CHULO VERDE NARANJA","FUTSAL GATO SUPREME NEGRO CHULO VERDE NARANJA - Calzado deportivo de alta calidad con garantía y envío seguro en Colombia.",in stock,new,"190000 COP","https://tennisymas.co/collections.html?product=250","https://shbtmkeyarqppasdpzxv.supabase.co/storage/v1/object/public/product-images/products/1781826360890_IMG_2445.jpeg","Tennis y Más","Sporting Goods > Athletic Shoes"
244,"GUAYO F50 ICE COLD AZUL","GUAYO F50 ICE COLD AZUL - Calzado deportivo de alta calidad con garantía y envío seguro en Colombia.",in stock,new,"230000 COP","https://tennisymas.co/collections.html?product=244","https://shbtmkeyarqppasdpzxv.supabase.co/storage/v1/object/public/product-images/products/1781807846805_IMG_2344.jpeg","Tennis y Más","Sporting Goods > Athletic Shoes"
239,"TENIGUAYO PHANTOM MAMBA BOTA","TENIGUAYO PHANTOM MAMBA BOTA  - Calzado deportivo de alta calidad con garantía y envío seguro en Colombia.",in stock,new,"220000 COP","https://tennisymas.co/collections.html?product=239","https://shbtmkeyarqppasdpzxv.supabase.co/storage/v1/object/public/product-images/products/1780602909706_IMG_1305.jpeg","Tennis y Más","Sporting Goods > Athletic Shoes"
223,"JOMA INVICTO GRAFITI WHITE ORIGINAL","JOMA INVICTO GRAFITI WHITE ORIGINAL - Calzado deportivo de alta calidad con garantía y envío seguro en Colombia.",in stock,new,"340000 COP","https://tennisymas.co/collections.html?product=223","https://shbtmkeyarqppasdpzxv.supabase.co/storage/v1/object/public/product-images/products/1779117799791_IMG_0463.jpeg","Joma","Sporting Goods > Athletic Shoes"
212,"NIKE MERCURIAL VERDE","NIKE MERCURIAL VERDE - Calzado deportivo de alta calidad con garantía y envío seguro en Colombia.",in stock,new,"220000 COP","https://tennisymas.co/collections.html?product=212","https://shbtmkeyarqppasdpzxv.supabase.co/storage/v1/object/public/product-images/products/1778597561653_fea8347d_2bf7_471e_bfb8_79c82b722942.jpeg","Nike","Sporting Goods > Athletic Shoes"
211,"FUTSAL LUNAR MORADO","FUTSAL LUNAR MORADO - Calzado deportivo de alta calidad con garantía y envío seguro en Colombia.",in stock,new,"190000 COP","https://tennisymas.co/collections.html?product=211","https://shbtmkeyarqppasdpzxv.supabase.co/storage/v1/object/public/product-images/products/1778545933064_IMG_0152.jpeg","Tennis y Más","Sporting Goods > Athletic Shoes"
201,"FUTSAL SUPREME MORADO","FUTSAL SUPREME MORADO - Calzado deportivo de alta calidad con garantía y envío seguro en Colombia.",in stock,new,"160000 COP","https://tennisymas.co/collections.html?product=201","https://shbtmkeyarqppasdpzxv.supabase.co/storage/v1/object/public/product-images/products/1778369055180_IMG_0076.jpeg","Tennis y Más","Sporting Goods > Athletic Shoes"
188,"TENIGUAYO NIKE TIEMPO LEGEND","TENIGUAYO NIKE TIEMPO LEGEND  - Calzado deportivo de alta calidad con garantía y envío seguro en Colombia.",in stock,new,"200000 COP","https://tennisymas.co/collections.html?product=188","https://shbtmkeyarqppasdpzxv.supabase.co/storage/v1/object/public/product-images/products/1778190960481_WhatsApp_Image_2026_05_07_at_4.10.45_PM.jpeg","Nike","Sporting Goods > Athletic Shoes"
187,"GUAYO NIKE MERCURIAL AMARILLO","GUAYO NIKE MERCURIAL AMARILLO  - Calzado deportivo de alta calidad con garantía y envío seguro en Colombia.",in stock,new,"210000 COP","https://tennisymas.co/collections.html?product=187","https://shbtmkeyarqppasdpzxv.supabase.co/storage/v1/object/public/product-images/products/1778190906316_WhatsApp_Image_2026_05_07_at_4.10.52_PM.jpeg","Nike","Sporting Goods > Athletic Shoes"
186,"GUAYO NIKE MERCURIAL ROJO","GUAYO NIKE MERCURIAL ROJO  - Calzado deportivo de alta calidad con garantía y envío seguro en Colombia.",in stock,new,"210000 COP","https://tennisymas.co/collections.html?product=186","https://shbtmkeyarqppasdpzxv.supabase.co/storage/v1/object/public/product-images/products/1778190803136_WhatsApp_Image_2026_05_07_at_4.10.56_PM.jpeg","Nike","Sporting Goods > Athletic Shoes"
182,"GUAYO NIKE PHANTOM GX 6 MAMBA","GUAYO NIKE PHANTOM GX 6 MAMBA - Calzado deportivo de alta calidad con garantía y envío seguro en Colombia.",in stock,new,"240000 COP","https://tennisymas.co/collections.html?product=182","https://shbtmkeyarqppasdpzxv.supabase.co/storage/v1/object/public/product-images/products/1778186985178_WhatsApp_Image_2026_05_07_at_3.24.05_PM.jpeg","Nike","Sporting Goods > Athletic Shoes"
177,"JOMA ORIGINAL INVICTO BLACK","JOMA ORIGINAL INVICTO BLACK  - Calzado deportivo de alta calidad con garantía y envío seguro en Colombia.",in stock,new,"360000 COP","https://tennisymas.co/collections.html?product=177","https://shbtmkeyarqppasdpzxv.supabase.co/storage/v1/object/public/product-images/products/1778186360415_WhatsApp_Image_2026_05_07_at_3.23.56_PM.jpeg","Joma","Sporting Goods > Athletic Shoes"
175,"FUTSAL TIEMPO X RONALDINHO ELITE","FUTSAL TIEMPO X RONALDINHO ELITE - Calzado deportivo de alta calidad con garantía y envío seguro en Colombia.",in stock,new,"200000 COP","https://tennisymas.co/collections.html?product=175","https://shbtmkeyarqppasdpzxv.supabase.co/storage/v1/object/public/product-images/products/1778186128010_WhatsApp_Image_2026_05_07_at_3.14.40_PM.jpeg","Tennis y Más","Sporting Goods > Athletic Shoes"
172,"TENIGUAYO JOMA CANCHA ORIGINAL","TENIGUAYO JOMA CANCHA ORIGINAL - Calzado deportivo de alta calidad con garantía y envío seguro en Colombia.",in stock,new,"250000 COP","https://tennisymas.co/collections.html?product=172","https://shbtmkeyarqppasdpzxv.supabase.co/storage/v1/object/public/product-images/products/1778185652771_WhatsApp_Image_2026_05_07_at_3.07.23_PM.jpeg","Joma","Sporting Goods > Athletic Shoes"
171,"GUAYO NIKE MERCURIAL SUPERFLY 10","GUAYO NIKE MERCURIAL SUPERFLY 10  - Calzado deportivo de alta calidad con garantía y envío seguro en Colombia.",in stock,new,"210000 COP","https://tennisymas.co/collections.html?product=171","https://shbtmkeyarqppasdpzxv.supabase.co/storage/v1/object/public/product-images/products/1778183912464_WhatsApp_Image_2026_05_07_at_2.55.28_PM.jpeg","Nike","Sporting Goods > Athletic Shoes"
170,"GUAYO NIKE MERCURIAL BOWERMAN PROTOTYPE","GUAYO NIKE MERCURIAL BOWERMAN PROTOTYPE  - Calzado deportivo de alta calidad con garantía y envío seguro en Colombia.",in stock,new,"210000 COP","https://tennisymas.co/collections.html?product=170","https://shbtmkeyarqppasdpzxv.supabase.co/storage/v1/object/public/product-images/products/1778183781616_WhatsApp_Image_2026_05_07_at_2.52.38_PM.jpeg","Nike","Sporting Goods > Athletic Shoes"
156,"Colección Los Calidosos","Colección Los Calidosos - Calzado deportivo de alta calidad con garantía y envío seguro en Colombia.",in stock,new,"65000 COP","https://tennisymas.co/collections.html?product=156","images/uniformes-main.png","Tennis y Más","Sporting Goods > Athletic Shoes"
155,"COLECCIÓN LA GRASA","COLECCIÓN LA GRASA - Calzado deportivo de alta calidad con garantía y envío seguro en Colombia.",in stock,new,"75000 COP","https://tennisymas.co/collections.html?product=155","images/camisetas_portada.jpg","Tennis y Más","Sporting Goods > Athletic Shoes"
154,"Colección La Pesada","Colección La Pesada - Calzado deportivo de alta calidad con garantía y envío seguro en Colombia.",in stock,new,"65000 COP","https://tennisymas.co/collections.html?product=154","images/petos2_portada.jpg","Tennis y Más","Sporting Goods > Athletic Shoes"
153,"TENIGUAYO ADIDAS F50 SPARKFUSION","TENIGUAYO ADIDAS F50 SPARKFUSION - Calzado deportivo de alta calidad con garantía y envío seguro en Colombia.",in stock,new,"200000 COP","https://tennisymas.co/collections.html?product=153","https://shbtmkeyarqppasdpzxv.supabase.co/storage/v1/object/public/product-images/products/1773788394872_WhatsApp_Image_2026_03_14_at_1.11.19_PM.jpeg","Adidas","Sporting Goods > Athletic Shoes"
146,"TENIGUAYO ADIDAS NIÑO","TENIGUAYO ADIDAS NIÑO  - Calzado deportivo de alta calidad con garantía y envío seguro en Colombia.",in stock,new,"170000 COP","https://tennisymas.co/collections.html?product=146","https://shbtmkeyarqppasdpzxv.supabase.co/storage/v1/object/public/product-images/products/1773787964243_WhatsApp_Image_2026_03_14_at_12.59.43_PM__1_.jpeg","Adidas","Sporting Goods > Athletic Shoes"
141,"TENIGUAYO ADIDAS PREDATOR X BAPE","TENIGUAYO ADIDAS PREDATOR X BAPE  - Calzado deportivo de alta calidad con garantía y envío seguro en Colombia.",in stock,new,"200000 COP","https://tennisymas.co/collections.html?product=141","https://shbtmkeyarqppasdpzxv.supabase.co/storage/v1/object/public/product-images/products/1773786920697_WhatsApp_Image_2026_03_14_at_12.43.10_PM.jpeg","Adidas","Sporting Goods > Athletic Shoes"
130,"FUTSAL NIKE GATO SUPREME CAFÉ","FUTSAL NIKE GATO SUPREME CAFÉ - Calzado deportivo de alta calidad con garantía y envío seguro en Colombia.",in stock,new,"150000 COP","https://tennisymas.co/collections.html?product=130","https://shbtmkeyarqppasdpzxv.supabase.co/storage/v1/object/public/product-images/products/1773786079937_WhatsApp_Image_2026_03_14_at_12.25.06_PM__1_.jpeg","Nike","Sporting Goods > Athletic Shoes"
129,"FUTSAL GATO SUPREME","FUTSAL GATO SUPREME  - Calzado deportivo de alta calidad con garantía y envío seguro en Colombia.",in stock,new,"150000 COP","https://tennisymas.co/collections.html?product=129","https://shbtmkeyarqppasdpzxv.supabase.co/storage/v1/object/public/product-images/products/1773785877751_WhatsApp_Image_2026_03_14_at_12.25.01_PM.jpeg","Tennis y Más","Sporting Goods > Athletic Shoes"
111,"FUTSAL MIZUNO CLÁSICO NEGRO","FUTSAL MIZUNO CLÁSICO NEGRO - Calzado deportivo de alta calidad con garantía y envío seguro en Colombia.",in stock,new,"190000 COP","https://tennisymas.co/collections.html?product=111","https://shbtmkeyarqppasdpzxv.supabase.co/storage/v1/object/public/product-images/products/1781303986174_IMG_1942.jpeg","Tennis y Más","Sporting Goods > Athletic Shoes"
101,"GUAYO NIKE HYPERVENOM HYDRA","GUAYO NIKE HYPERVENOM HYDRA - Calzado deportivo de alta calidad con garantía y envío seguro en Colombia.",in stock,new,"180000 COP","https://tennisymas.co/collections.html?product=101","https://shbtmkeyarqppasdpzxv.supabase.co/storage/v1/object/public/product-images/products/1773784327614_WhatsApp_Image_2026_03_14_at_11.10.06_AM.jpeg","Nike","Sporting Goods > Athletic Shoes"
100,"GUAYO NIKE HYPERVENOM PHANTOM RNG","GUAYO NIKE HYPERVENOM PHANTOM RNG  - Calzado deportivo de alta calidad con garantía y envío seguro en Colombia.",in stock,new,"180000 COP","https://tennisymas.co/collections.html?product=100","https://shbtmkeyarqppasdpzxv.supabase.co/storage/v1/object/public/product-images/products/1773784274199_WhatsApp_Image_2026_03_14_at_11.06.22_AM.jpeg","Nike","Sporting Goods > Athletic Shoes"
92,"GUAYO PREDATOR EDGE-EDICIÓN LIMITADA","GUAYO PREDATOR EDGE-EDICIÓN LIMITADA  - Calzado deportivo de alta calidad con garantía y envío seguro en Colombia.",in stock,new,"200000 COP","https://tennisymas.co/collections.html?product=92","https://shbtmkeyarqppasdpzxv.supabase.co/storage/v1/object/public/product-images/products/1773782355495_WhatsApp_Image_2026_03_14_at_9.57.08_AM.jpeg","Tennis y Más","Sporting Goods > Athletic Shoes"
17,"GUAYO PHANTOM GX 6 ELITE","GUAYO PHANTOM GX 6 ELITE - Calzado deportivo de alta calidad con garantía y envío seguro en Colombia.",in stock,new,"240000 COP","https://tennisymas.co/collections.html?product=17","https://shbtmkeyarqppasdpzxv.supabase.co/storage/v1/object/public/product-images/products/1773778504462_WhatsApp_Image_2026_03_14_at_9.38.45_AM.jpeg","Tennis y Más","Sporting Goods > Athletic Shoes"
51,"TENI GUAYO ADIDAS PREDATOR LEAGUE NEGRO-AZUL","TENI GUAYO ADIDAS PREDATOR LEAGUE NEGRO-AZUL   - Calzado deportivo de alta calidad con garantía y envío seguro en Colombia.",in stock,new,"160000 COP","https://tennisymas.co/collections.html?product=51","https://shbtmkeyarqppasdpzxv.supabase.co/storage/v1/object/public/product-images/products/1773802118910_main_51.jpg","Adidas","Sporting Goods > Athletic Shoes"